{
    "mean_absolute_error": 0.17777777777777776,
    "mae_standard_error": 0.03588963420852042,
    "t_statistic": -0.5588091427245667,
    "p_value": 0.5851200438949904,
    "krippendorff_alpha_combined": 0.6617486528825168,
    "krippendorff_alpha_humans": 0.6594786524638434,
    "krippendorff_alpha_model": null
}
