{
    "mean_absolute_error": 0.3404634581105169,
    "mae_standard_error": 0.020463383463212786,
    "t_statistic": -0.08274543968307957,
    "p_value": 0.9341429331221391,
    "krippendorff_alpha_combined": 0.5354482159773776,
    "krippendorff_alpha_humans": 0.7662923235441739,
    "krippendorff_alpha_model": null,
    "type": "harm"
}
