{
    "MAE": 0.12562814070351758,
    "MAE_std_error": 0.00981847029449602,
    "t-statistic": -0.0630240848157159,
    "p-value": 0.9498109030855229,
    "Krippendorff Alpha": 0.8656743636318163
}
