{
    "MAE": 0.31016042780748665,
    "MAE_std_error": 0.01884104751573751,
    "t-statistic": 3.1561422442080946,
    "p-value": 0.0018651625877011875,
    "Krippendorff Alpha": 0.5781719648283798
}
